{
  "stage1": {
    "accuracy": [
      0.3727591633796692,
      0.43351709842681885,
      0.44893789291381836,
      0.45857590436935425,
      0.46258530020713806,
      0.46647903323173523,
      0.46863797307014465,
      0.4719148874282837,
      0.4694860875606537,
      0.4727630317211151
    ],
    "loss": [
      1.607900857925415,
      1.4847091436386108,
      1.439650058746338,
      1.423728346824646,
      1.4138816595077515,
      1.4022237062454224,
      1.3978626728057861,
      1.3933982849121094,
      1.3916380405426025,
      1.3803229331970215
    ],
    "val_accuracy": [
      0.4385843276977539,
      0.4604441225528717,
      0.4718945324420929,
      0.4798750877380371,
      0.4902845323085785,
      0.4826509356498718,
      0.4958362281322479,
      0.49410131573677063,
      0.4878556430339813,
      0.4878556430339813
    ],
    "val_loss": [
      1.457052230834961,
      1.4135136604309082,
      1.3831437826156616,
      1.368115782737732,
      1.3447376489639282,
      1.3506429195404053,
      1.3207515478134155,
      1.3280545473098755,
      1.3392510414123535,
      1.3288798332214355
    ],
    "learning_rate": [
      0.0010000000474974513,
      0.0010000000474974513,
      0.0010000000474974513,
      0.0010000000474974513,
      0.0010000000474974513,
      0.0010000000474974513,
      0.0010000000474974513,
      0.0010000000474974513,
      0.0010000000474974513,
      0.0005000000237487257
    ]
  },
  "stage2": {
    "accuracy": [
      0.33775395154953003,
      0.42630788683891296,
      0.46952465176582336,
      0.49265584349632263,
      0.5138980150222778,
      0.5282393097877502,
      0.542927622795105,
      0.5547630786895752,
      0.567061185836792,
      0.5781255960464478,
      0.5856432318687439,
      0.5980184078216553,
      0.6066540479660034,
      0.6100081205368042,
      0.618566632270813
    ],
    "loss": [
      1.738783597946167,
      1.5162180662155151,
      1.409900188446045,
      1.3425581455230713,
      1.2926419973373413,
      1.2438327074050903,
      1.2108370065689087,
      1.1801846027374268,
      1.1487497091293335,
      1.1210086345672607,
      1.097997784614563,
      1.0714988708496094,
      1.0532772541046143,
      1.0354725122451782,
      1.0155478715896606
    ],
    "val_accuracy": [
      0.4479528069496155,
      0.4920194447040558,
      0.5100624561309814,
      0.5274115204811096,
      0.5405967831611633,
      0.5530881285667419,
      0.5645385384559631,
      0.5693962574005127,
      0.5728660821914673,
      0.5780707597732544,
      0.5832754969596863,
      0.5912560820579529,
      0.5954198241233826,
      0.5964608192443848,
      0.5971547365188599
    ],
    "val_loss": [
      1.4369208812713623,
      1.3341988325119019,
      1.277234435081482,
      1.2384089231491089,
      1.207512617111206,
      1.1842039823532104,
      1.1673043966293335,
      1.149375319480896,
      1.136322259902954,
      1.124428153038025,
      1.1135574579238892,
      1.102601408958435,
      1.0927966833114624,
      1.0855637788772583,
      1.0789605379104614
    ],
    "learning_rate": [
      9.999999747378752e-06,
      9.999999747378752e-06,
      9.999999747378752e-06,
      9.999999747378752e-06,
      9.999999747378752e-06,
      9.999999747378752e-06,
      9.999999747378752e-06,
      9.999999747378752e-06,
      9.999999747378752e-06,
      9.999999747378752e-06,
      9.999999747378752e-06,
      9.999999747378752e-06,
      9.999999747378752e-06,
      9.999999747378752e-06,
      9.999999747378752e-06
    ]
  }
}