{
  "stage1": {
    "accuracy": [
      0.2408449649810791,
      0.30313777923583984,
      0.35976409912109375,
      0.39939093589782715,
      0.4246010184288025,
      0.4389021694660187,
      0.4498496651649475,
      0.4636882245540619,
      0.47610053420066833,
      0.4814586341381073,
      0.48704802989959717,
      0.49633798003196716,
      0.5040475130081177,
      0.5099067091941833,
      0.5126050710678101,
      0.5131832361221313,
      0.5212782621383667,
      0.5250558853149414,
      0.5276385545730591,
      0.5284866094589233,
      0.5340760350227356,
      0.5339604020118713,
      0.5369670987129211,
      0.5414000749588013,
      0.5464112162590027
    ],
    "loss": [
      1.8692200183868408,
      1.7126904726028442,
      1.6164360046386719,
      1.5454810857772827,
      1.4986340999603271,
      1.4639383554458618,
      1.4374091625213623,
      1.4039133787155151,
      1.376479983329773,
      1.360898733139038,
      1.3422311544418335,
      1.3244516849517822,
      1.3127667903900146,
      1.2997711896896362,
      1.2888543605804443,
      1.2819654941558838,
      1.2613091468811035,
      1.2574623823165894,
      1.2483431100845337,
      1.2444454431533813,
      1.232177734375,
      1.2304638624191284,
      1.2188026905059814,
      1.215245008468628,
      1.2050436735153198
    ],
    "val_accuracy": [
      0.2803056538105011,
      0.26120179891586304,
      0.34977424144744873,
      0.31712400913238525,
      0.3449114263057709,
      0.34630081057548523,
      0.419242799282074,
      0.4654393792152405,
      0.4439041316509247,
      0.4716915488243103,
      0.45606112480163574,
      0.47030219435691833,
      0.4640500247478485,
      0.4960055649280548,
      0.45571377873420715,
      0.48766931891441345,
      0.46231329441070557,
      0.5036470890045166,
      0.4713442027568817,
      0.46613407135009766,
      0.4887113571166992,
      0.5390760898590088,
      0.4498089551925659,
      0.5029523968696594,
      0.5192775130271912
    ],
    "val_loss": [
      1.7578446865081787,
      1.947902798652649,
      1.7119601964950562,
      1.7184016704559326,
      1.6385606527328491,
      1.6594281196594238,
      1.4865833520889282,
      1.3918782472610474,
      1.4572888612747192,
      1.380681037902832,
      1.3956332206726074,
      1.340955138206482,
      1.3752963542938232,
      1.308377981185913,
      1.3972110748291016,
      1.3369455337524414,
      1.3826984167099,
      1.3046977519989014,
      1.3424667119979858,
      1.3877732753753662,
      1.3207926750183105,
      1.2368937730789185,
      1.3897764682769775,
      1.2866584062576294,
      1.274234414100647
    ],
    "learning_rate": [
      0.0010000000474974513,
      0.0010000000474974513,
      0.0010000000474974513,
      0.0010000000474974513,
      0.0010000000474974513,
      0.0010000000474974513,
      0.0010000000474974513,
      0.0010000000474974513,
      0.0010000000474974513,
      0.0010000000474974513,
      0.0010000000474974513,
      0.0010000000474974513,
      0.0010000000474974513,
      0.0010000000474974513,
      0.0010000000474974513,
      0.0010000000474974513,
      0.0010000000474974513,
      0.0010000000474974513,
      0.0010000000474974513,
      0.0010000000474974513,
      0.0010000000474974513,
      0.0010000000474974513,
      0.0010000000474974513,
      0.0010000000474974513,
      0.0010000000474974513
    ]
  },
  "stage2": {
    "accuracy": [
      0.5506514310836792,
      0.5469508767127991,
      0.5540821552276611,
      0.54976487159729,
      0.5520006418228149,
      0.5528872013092041,
      0.5536966919898987,
      0.5522319078445435,
      0.5536196231842041,
      0.5520777106285095,
      0.5566648840904236,
      0.5567419528961182,
      0.5548531413078308,
      0.5538894534111023,
      0.5523861050605774,
      0.5545833110809326,
      0.5547760128974915,
      0.5553928017616272,
      0.5589005947113037,
      0.5550458431243896
    ],
    "loss": [
      1.201371431350708,
      1.1981961727142334,
      1.1883913278579712,
      1.1924182176589966,
      1.1888408660888672,
      1.1863486766815186,
      1.1873748302459717,
      1.1883375644683838,
      1.1845332384109497,
      1.1860803365707397,
      1.1803011894226074,
      1.1808797121047974,
      1.1809148788452148,
      1.181541085243225,
      1.1849418878555298,
      1.1818428039550781,
      1.178295612335205,
      1.178709626197815,
      1.1715240478515625,
      1.175160527229309
    ],
    "val_accuracy": [
      0.5498436689376831,
      0.5550538301467896,
      0.5630427002906799,
      0.5595692992210388,
      0.5578325986862183,
      0.5536644458770752,
      0.5505383610725403,
      0.5623480081558228,
      0.5547065138816833,
      0.566863477230072,
      0.5554012060165405,
      0.5550538301467896,
      0.560263991355896,
      0.5508857369422913,
      0.5640847682952881,
      0.5689475536346436,
      0.5616533756256104,
      0.5581799149513245,
      0.5644320845603943,
      0.5606113076210022
    ],
    "val_loss": [
      1.1821544170379639,
      1.1848254203796387,
      1.1742033958435059,
      1.173872947692871,
      1.1809186935424805,
      1.169736623764038,
      1.1688874959945679,
      1.1669244766235352,
      1.1781558990478516,
      1.16138756275177,
      1.172727346420288,
      1.1751412153244019,
      1.17288339138031,
      1.1756905317306519,
      1.1618175506591797,
      1.1541692018508911,
      1.1690647602081299,
      1.1657851934432983,
      1.1667066812515259,
      1.1681493520736694
    ],
    "learning_rate": [
      9.999999747378752e-06,
      9.999999747378752e-06,
      9.999999747378752e-06,
      9.999999747378752e-06,
      9.999999747378752e-06,
      9.999999747378752e-06,
      9.999999747378752e-06,
      9.999999747378752e-06,
      9.999999747378752e-06,
      9.999999747378752e-06,
      9.999999747378752e-06,
      9.999999747378752e-06,
      9.999999747378752e-06,
      9.999999747378752e-06,
      9.999999747378752e-06,
      9.999999747378752e-06,
      9.999999747378752e-06,
      9.999999747378752e-06,
      9.999999747378752e-06,
      9.999999747378752e-06
    ]
  },
  "used_pretrained": true
}