{
  "stage1": {
    "accuracy": [
      0.24273379147052765,
      0.30541208386421204,
      0.3546372652053833,
      0.39006245136260986,
      0.4155038297176361,
      0.4293423891067505,
      0.44873178005218506,
      0.4576362669467926,
      0.470202773809433,
      0.4794541597366333,
      0.48384857177734375,
      0.4942564070224762,
      0.49807262420654297,
      0.5003854632377625,
      0.5082491636276245,
      0.5122966766357422,
      0.5189268589019775,
      0.5169223546981812,
      0.5208542346954346,
      0.5273687243461609,
      0.5265207290649414,
      0.527330219745636,
      0.5362346768379211,
      0.5346927642822266,
      0.5426720976829529
    ],
    "loss": [
      1.8590890169143677,
      1.7155288457870483,
      1.6271253824234009,
      1.5586559772491455,
      1.5136231184005737,
      1.4745591878890991,
      1.4397450685501099,
      1.4205317497253418,
      1.384164571762085,
      1.3712087869644165,
      1.3561981916427612,
      1.3364027738571167,
      1.3246418237686157,
      1.308178186416626,
      1.2949798107147217,
      1.2833222150802612,
      1.2742891311645508,
      1.2728679180145264,
      1.263015627861023,
      1.24848473072052,
      1.249377727508545,
      1.240924596786499,
      1.2261245250701904,
      1.2238402366638184,
      1.2173781394958496
    ],
    "val_accuracy": [
      0.2761375606060028,
      0.32823896408081055,
      0.36401528120040894,
      0.34977424144744873,
      0.40639111399650574,
      0.4508509933948517,
      0.3577631115913391,
      0.4647447168827057,
      0.43452587723731995,
      0.4036123752593994,
      0.48836401104927063,
      0.4425147473812103,
      0.4935741722583771,
      0.48732197284698486,
      0.4852379262447357,
      0.5036470890045166,
      0.5095519423484802,
      0.44841960072517395,
      0.5317818522453308,
      0.4852379262447357,
      0.49149009585380554,
      0.5140674114227295,
      0.5383813977241516,
      0.5098992586135864,
      0.5383813977241516
    ],
    "val_loss": [
      1.7542613744735718,
      1.6484382152557373,
      1.6174064874649048,
      1.6649155616760254,
      1.5017215013504028,
      1.4468262195587158,
      1.6226874589920044,
      1.390226125717163,
      1.4519104957580566,
      1.555773138999939,
      1.3701730966567993,
      1.4623757600784302,
      1.3321576118469238,
      1.3562839031219482,
      1.320363163948059,
      1.3063781261444092,
      1.2960796356201172,
      1.4317777156829834,
      1.248679280281067,
      1.3366090059280396,
      1.340136170387268,
      1.298013687133789,
      1.2174482345581055,
      1.2809154987335205,
      1.2188489437103271
    ],
    "learning_rate": [
      0.0010000000474974513,
      0.0010000000474974513,
      0.0010000000474974513,
      0.0010000000474974513,
      0.0010000000474974513,
      0.0010000000474974513,
      0.0010000000474974513,
      0.0010000000474974513,
      0.0010000000474974513,
      0.0010000000474974513,
      0.0010000000474974513,
      0.0010000000474974513,
      0.0010000000474974513,
      0.0010000000474974513,
      0.0010000000474974513,
      0.0010000000474974513,
      0.0010000000474974513,
      0.0010000000474974513,
      0.0010000000474974513,
      0.0010000000474974513,
      0.0010000000474974513,
      0.0010000000474974513,
      0.0010000000474974513,
      0.0010000000474974513,
      0.0010000000474974513
    ]
  },
  "stage2": {
    "accuracy": [
      0.5487626194953918,
      0.5493794083595276,
      0.552463173866272,
      0.5466424822807312,
      0.5517308115959167,
      0.5494564771652222,
      0.5508056282997131,
      0.5516922473907471,
      0.5521933436393738,
      0.5506129264831543,
      0.5536966919898987,
      0.5507671236991882,
      0.5543134808540344,
      0.5510369539260864
    ],
    "loss": [
      1.2006659507751465,
      1.1959850788116455,
      1.1945993900299072,
      1.1985673904418945,
      1.1935054063796997,
      1.1922237873077393,
      1.1909022331237793,
      1.1942459344863892,
      1.1857731342315674,
      1.1831448078155518,
      1.1853595972061157,
      1.1829750537872314,
      1.182257890701294,
      1.1835415363311768
    ],
    "val_accuracy": [
      0.5654741525650024,
      0.5710316300392151,
      0.5588746070861816,
      0.5522751212120056,
      0.5567905306816101,
      0.5710316300392151,
      0.5640847682952881,
      0.5644320845603943,
      0.5574852228164673,
      0.5588746070861816,
      0.5620006918907166,
      0.5633900761604309,
      0.5585272908210754,
      0.5613059997558594
    ],
    "val_loss": [
      1.180873990058899,
      1.1753100156784058,
      1.1712123155593872,
      1.1903808116912842,
      1.1699119806289673,
      1.1629794836044312,
      1.1737421751022339,
      1.1699570417404175,
      1.1815544366836548,
      1.1662684679031372,
      1.1634994745254517,
      1.1730406284332275,
      1.1685513257980347,
      1.1801435947418213
    ],
    "learning_rate": [
      9.999999747378752e-06,
      9.999999747378752e-06,
      9.999999747378752e-06,
      9.999999747378752e-06,
      9.999999747378752e-06,
      9.999999747378752e-06,
      9.999999747378752e-06,
      9.999999747378752e-06,
      9.999999747378752e-06,
      9.999999747378752e-06,
      9.999999747378752e-06,
      9.999999747378752e-06,
      2.9999998787388904e-06,
      2.9999998787388904e-06
    ]
  }
}