{
  "stage1": {
    "accuracy": [
      0.24947960674762726,
      0.3143165409564972,
      0.35274845361709595,
      0.38404902815818787,
      0.4082954227924347,
      0.4293038249015808,
      0.44098374247550964,
      0.45971783995628357,
      0.4676971733570099,
      0.47733405232429504,
      0.4899005591869354,
      0.4906714856624603,
      0.49857375025749207,
      0.5035849213600159,
      0.5125279426574707,
      0.5149179100990295,
      0.5223190188407898,
      0.5251715183258057,
      0.5300670862197876,
      0.5315318703651428,
      0.53045254945755,
      0.5371212959289551,
      0.5409374833106995,
      0.5443296432495117,
      0.5471436381340027
    ],
    "loss": [
      1.852003812789917,
      1.7018613815307617,
      1.6331959962844849,
      1.5718003511428833,
      1.5198173522949219,
      1.4829853773117065,
      1.448003888130188,
      1.414493203163147,
      1.392629623413086,
      1.3651498556137085,
      1.3530354499816895,
      1.3336237668991089,
      1.3157079219818115,
      1.302709937095642,
      1.2893133163452148,
      1.2755285501480103,
      1.266028642654419,
      1.2572993040084839,
      1.245426893234253,
      1.239047884941101,
      1.236153244972229,
      1.2246804237365723,
      1.2173506021499634,
      1.2085543870925903,
      1.2026634216308594
    ],
    "val_accuracy": [
      0.30010420083999634,
      0.26085445284843445,
      0.3796457052230835,
      0.32754427194595337,
      0.4251476228237152,
      0.36714136600494385,
      0.4282737076282501,
      0.4390413463115692,
      0.4609239399433136,
      0.46613407135009766,
      0.4248002767562866,
      0.4716915488243103,
      0.48141714930534363,
      0.43765196204185486,
      0.5105939507484436,
      0.4939214885234833,
      0.4817644953727722,
      0.5112886428833008,
      0.49496352672576904,
      0.5314345359802246,
      0.5126780271530151,
      0.5286557674407959,
      0.5314345359802246,
      0.5321292281150818,
      0.5272663831710815
    ],
    "val_loss": [
      1.7162684202194214,
      1.7988996505737305,
      1.5817902088165283,
      1.6450896263122559,
      1.4867440462112427,
      1.6849559545516968,
      1.4779093265533447,
      1.423856258392334,
      1.3892968893051147,
      1.4064781665802002,
      1.475987434387207,
      1.3483073711395264,
      1.3336330652236938,
      1.4682344198226929,
      1.2871474027633667,
      1.3352770805358887,
      1.330561637878418,
      1.2714152336120605,
      1.3144243955612183,
      1.2364422082901,
      1.2744723558425903,
      1.223129391670227,
      1.2291897535324097,
      1.2480190992355347,
      1.2339760065078735
    ],
    "learning_rate": [
      0.0010000000474974513,
      0.0010000000474974513,
      0.0010000000474974513,
      0.0010000000474974513,
      0.0010000000474974513,
      0.0010000000474974513,
      0.0010000000474974513,
      0.0010000000474974513,
      0.0010000000474974513,
      0.0010000000474974513,
      0.0010000000474974513,
      0.0010000000474974513,
      0.0010000000474974513,
      0.0010000000474974513,
      0.0010000000474974513,
      0.0010000000474974513,
      0.0010000000474974513,
      0.0010000000474974513,
      0.0010000000474974513,
      0.0010000000474974513,
      0.0010000000474974513,
      0.0010000000474974513,
      0.0010000000474974513,
      0.0010000000474974513,
      0.0010000000474974513
    ]
  },
  "stage2": {
    "accuracy": [
      0.5540050864219666,
      0.5542363524436951,
      0.5532726645469666,
      0.5557782649993896,
      0.5528872013092041,
      0.5570889115333557,
      0.5581682324409485,
      0.5627554059028625,
      0.5602112412452698,
      0.5571659803390503,
      0.5581682324409485,
      0.5610207319259644,
      0.5590547919273376,
      0.5590547919273376,
      0.5632565021514893,
      0.5641045570373535,
      0.5583224296569824,
      0.5590547919273376,
      0.5639117956161499,
      0.559748649597168
    ],
    "loss": [
      1.1922131776809692,
      1.1815048456192017,
      1.179513692855835,
      1.1793951988220215,
      1.1798059940338135,
      1.170892596244812,
      1.172637939453125,
      1.169296145439148,
      1.1707578897476196,
      1.1716903448104858,
      1.1679527759552002,
      1.1708070039749146,
      1.1697142124176025,
      1.1699243783950806,
      1.1697914600372314,
      1.1600581407546997,
      1.1693778038024902,
      1.170319676399231,
      1.1603686809539795,
      1.1629289388656616
    ],
    "val_accuracy": [
      0.5439388751983643,
      0.5606113076210022,
      0.5560958385467529,
      0.5585272908210754,
      0.5540118217468262,
      0.5592219233512878,
      0.5508857369422913,
      0.566863477230072,
      0.5585272908210754,
      0.5686002373695374,
      0.5633900761604309,
      0.5620006918907166,
      0.5564432144165039,
      0.5550538301467896,
      0.5658214688301086,
      0.5679055452346802,
      0.5689475536346436,
      0.5606113076210022,
      0.5613059997558594,
      0.5606113076210022
    ],
    "val_loss": [
      1.184846043586731,
      1.170816421508789,
      1.1641807556152344,
      1.160971999168396,
      1.167394995689392,
      1.1584607362747192,
      1.173409342765808,
      1.1575063467025757,
      1.156983733177185,
      1.156136393547058,
      1.1601232290267944,
      1.1565146446228027,
      1.1617389917373657,
      1.1602284908294678,
      1.147975206375122,
      1.1453943252563477,
      1.1417416334152222,
      1.155902624130249,
      1.1607722043991089,
      1.1541011333465576
    ],
    "learning_rate": [
      9.999999747378752e-06,
      9.999999747378752e-06,
      9.999999747378752e-06,
      9.999999747378752e-06,
      9.999999747378752e-06,
      9.999999747378752e-06,
      9.999999747378752e-06,
      9.999999747378752e-06,
      9.999999747378752e-06,
      9.999999747378752e-06,
      9.999999747378752e-06,
      9.999999747378752e-06,
      9.999999747378752e-06,
      9.999999747378752e-06,
      9.999999747378752e-06,
      9.999999747378752e-06,
      9.999999747378752e-06,
      9.999999747378752e-06,
      9.999999747378752e-06,
      9.999999747378752e-06
    ]
  }
}